reference,task_description,start_time,end_time
test,,1698873516.6636515,1698873520.896596
asdasd,t,1698873531.5075972,1698873535.5594985
asdasd,asd,1698873539.2564738,
